<addon id="repository.wolfgang" name="[COLOR blue]Wolfgangovo repositar[/COLOR]" version="1.0.0" provider-name="wolfgang">
    <extension point="xbmc.addon.repository" name="[COLOR blue]Wolfgangovo repositar[/COLOR]">
        <dir>
            <info compressed="false">https://https://wolfgangcz.github.io/kodi/addons.xml</info>
            <checksum>https://https://wolfgangcz.github.io/kodi/addons.xml.md5</checksum>
            <datadir zip="true">wolfgangcz.github.io/kodi/plugin.video.wolfgang_fun_pack/plugin.video.wolfgang_fun_pack-0.0.1.zip</datadir>
        </dir>
    </extension>
    <extension point="xbmc.addon.metadata">
        <summary>Můj addon, užij si ho a moc nečum jo</summary>
        <description>Jo tady je popis: bla bla bla bla bla nasrat</description>
        <disclaimer>Nejsem zodpovědnej za to, když ti kvůli mýmu doplňku vybouchne televize nebo jakýkoli jiný zařízení jo? Ok díky. A jestli uvidím, že mi píše někdo, koho neznám, abych něco opravil, tak ho přetrhnu.</disclaimer>
        <forum>https://https://github.com/WolfgangCZ/kodi/issues</forum>
        <platform>all</platform>
    </extension>
</addon>