<addon id="repository.wolfgang" name="[COLOR blue]Wolfangovo repozitář[/COLOR]" version="1.0.0" provider-name="Wolfgang"><extension point="xbmc.addon.repository" name="[COLOR blue]Wolfangovo repozitář[/COLOR]"><dir><info compressed="false">https://raw.githubusercontent.com/WolfgangCZ/kodi/main/addons.xml</info><checksum>https://raw.githubusercontent.com/WolfgangCZ/kodi/main/addons.xml.md5</checksum><datadir zip="true">https://raw.githubusercontent.com/WolfgangCZ/kodi/mn/</datadir></dir></extension><extension point="xbmc.addon.metadata"><summary>Moje pluginy, můžeš si je užít... a moc nečum. A nebo klidně čum, ale pak se nediv, že ti lidi říkají, že blbě čumíš</summary><description>Jo tady je popi: bla bla blablalblab bla ablbalbalb nasrat</description><disclaimer>Nejsem zodpovědnej za to, když ti kvůli mýmu doplňku vybouchne televize nebo jakýkoli jiný zařízení jo? Ok díky. A jestli uvidím, že mi píše někdo, koho neznám, abych něco opravil, tak ho přetrhnu.</disclaimer><forum>https://github.com/WolfgangCZ/kodi/issues</forum><platform>all</platform></extension></addon>