<addon id="plugin.video.wolfgang_fun_pack" name="Wolfgangovo zábavný balíček" version="1.0.3" provider-name="Wolfgang"><requires><import addon="xbmc.python" version="3.0.0"></import></requires><extension point="xbmc.python.pluginsource" library="default.py"><provides>video</provides></extension><extension point="xbmc.addon.metadata"><summary lang="cs_CZ">Co po mě pořád chceš voe</summary><description lang="cs_CZ">Od poklopu ke poklopu kyklop koulí koule</description><language>cs_CZ</language><platform>all</platform><assets><fanart>resources/media/fanart.jpg</fanart><icon>resources/media/icon.png</icon></assets></extension></addon>